{
  "attempt_id": "20260516T075047-89a301df",
  "harness": "claude",
  "model": "opus",
  "tokens": 0,
  "input_tokens": 105,
  "cached_tokens": 11520173,
  "cache_hit_rate": 0.999990885636614,
  "output_tokens": 48543,
  "cost_usd": 7.882631500000002
}