{
  "attempt_id": "20260517T041554-54aac024",
  "harness": "claude",
  "model": "opus",
  "tokens": 21159,
  "input_tokens": 89,
  "cached_tokens": 4481784,
  "cache_hit_rate": 0.9999801422307147,
  "output_tokens": 21070,
  "cost_usd": 3.424564749999999
}