{
  "attempt_id": "20260516T175602-e3346037",
  "harness": "claude",
  "model": "opus",
  "tokens": 23628,
  "input_tokens": 65,
  "cached_tokens": 4796063,
  "cache_hit_rate": 0.9999864474009034,
  "output_tokens": 23563,
  "cost_usd": 3.9652630000000015
}