{
  "attempt_id": "20260517T012538-a5cf2131",
  "harness": "claude",
  "model": "opus",
  "tokens": 30111,
  "input_tokens": 80,
  "cached_tokens": 5099572,
  "cache_hit_rate": 0.9999843126550596,
  "output_tokens": 30031,
  "cost_usd": 4.110575250000001
}