{
  "attempt_id": "20260516T071031-17f7760e",
  "harness": "claude",
  "model": "opus",
  "tokens": 0,
  "input_tokens": 121,
  "cached_tokens": 14300391,
  "cache_hit_rate": 0.9999915387644862,
  "output_tokens": 44166,
  "cost_usd": 9.71526775
}