{
  "attempt_id": "20260517T035047-ba655e16",
  "harness": "claude",
  "model": "opus",
  "tokens": 4537,
  "input_tokens": 12,
  "cached_tokens": 292044,
  "cache_hit_rate": 0.9999589119894815,
  "output_tokens": 4525,
  "cost_usd": 0.42319775
}