{
  "snapshot_ts": "2026-05-12 13:07:47 UTC",
  "subset": "all",
  "subset_size": 89,
  "n_reports_total": 2614,
  "hero_profile_id": "fiz-openrouter-qwen3-6-27b",
  "hero_label": "Qwen3.6-27B / OpenRouter",
  "hero": {
    "decode_tps_p50": 46.57256452100161,
    "ttft_p50_s": 0.9076559543609619,
    "pass_at_k_pct": 61.79775280898876,
    "pass_at_k_num": 55,
    "pass_at_k_den": 89,
    "median_wall_s": 540.944919253,
    "median_turns": 15,
    "median_in_tok": 98989,
    "median_out_tok": 5697,
    "n_attempts": 334,
    "n_real": 293
  }
}