{
  "attempt_id": "20260517T013947-fd258579",
  "harness": "claude",
  "model": "opus",
  "tokens": 18193,
  "input_tokens": 51,
  "cached_tokens": 2611316,
  "cache_hit_rate": 0.9999804699990464,
  "output_tokens": 18142,
  "cost_usd": 2.531500499999999
}