{
  "attempt_id": "20260517T014510-6e7df918",
  "harness": "claude",
  "model": "opus",
  "tokens": 8409,
  "input_tokens": 41,
  "cached_tokens": 1526441,
  "cache_hit_rate": 0.9999731408559026,
  "output_tokens": 8368,
  "cost_usd": 1.5844567500000002
}