{
  "attempt_id": "20260517T013711-9764df84",
  "harness": "claude",
  "model": "opus",
  "tokens": 14039,
  "input_tokens": 40,
  "cached_tokens": 2231785,
  "cache_hit_rate": 0.9999820774478285,
  "output_tokens": 13999,
  "cost_usd": 1.857034
}