{
  "attempt_id": "20260516T083134-48f5c3ff",
  "harness": "claude",
  "model": "opus",
  "tokens": 0,
  "input_tokens": 140,
  "cached_tokens": 13525397,
  "cache_hit_rate": 0.9999896492094916,
  "output_tokens": 38756,
  "cost_usd": 8.874737
}