{
  "attempt_id": "20260517T004010-ce29601c",
  "harness": "claude",
  "model": "opus",
  "tokens": 48190,
  "input_tokens": 162,
  "cached_tokens": 15580126,
  "cache_hit_rate": 0.9999896022461202,
  "output_tokens": 48028,
  "cost_usd": 10.064274499999998
}