{
  "attempt_id": "20260517T003154-76ff6d8a",
  "harness": "claude",
  "model": "opus",
  "tokens": 18333,
  "input_tokens": 57,
  "cached_tokens": 3925894,
  "cache_hit_rate": 0.9999854812248039,
  "output_tokens": 18276,
  "cost_usd": 3.32954525
}