{
  "attempt_id": "20260517T034723-3723f2b1",
  "harness": "claude",
  "model": "opus",
  "tokens": 41040,
  "input_tokens": 111,
  "cached_tokens": 12001728,
  "cache_hit_rate": 0.9999907514173453,
  "output_tokens": 40929,
  "cost_usd": 8.273782249999998
}