{
  "attempt_id": "20260517T043201-1c725958",
  "harness": "claude",
  "model": "opus",
  "tokens": 3807,
  "input_tokens": 12,
  "cached_tokens": 275846,
  "cache_hit_rate": 0.9999564993583655,
  "output_tokens": 3795,
  "cost_usd": 0.38565375
}