{
  "attempt_id": "20260517T001715-e2822e7f",
  "harness": "claude",
  "model": "opus",
  "tokens": 20536,
  "input_tokens": 65,
  "cached_tokens": 4643190,
  "cache_hit_rate": 0.9999860011995895,
  "output_tokens": 20471,
  "cost_usd": 3.852804749999999
}