{
  "attempt_id": "20260517T043925-3e53f824",
  "harness": "claude",
  "model": "opus",
  "tokens": 75805,
  "input_tokens": 90,
  "cached_tokens": 9798589,
  "cache_hit_rate": 0.999990815088442,
  "output_tokens": 75715,
  "cost_usd": 8.12900475
}