{
  "attempt_id": "20260516T072647-b602c2ba",
  "harness": "claude",
  "model": "opus",
  "tokens": 0,
  "input_tokens": 63,
  "cached_tokens": 5617668,
  "cache_hit_rate": 0.9999887855078856,
  "output_tokens": 20088,
  "cost_usd": 4.088651
}