{
  "attempt_id": "20260516T065603-ed2c8a8c",
  "harness": "claude",
  "model": "opus",
  "tokens": 0,
  "input_tokens": 36,
  "cached_tokens": 1712379,
  "cache_hit_rate": 0.9999789770587153,
  "output_tokens": 12562,
  "cost_usd": 1.4764712499999997
}