{
  "attempt_id": "20260516T073517-bb261426",
  "harness": "claude",
  "model": "opus",
  "tokens": 0,
  "input_tokens": 116,
  "cached_tokens": 13948815,
  "cache_hit_rate": 0.9999916839505479,
  "output_tokens": 45159,
  "cost_usd": 9.385026999999997
}