{
  "attempt_id": "20260516T174925-96d35ec2",
  "harness": "claude",
  "model": "opus",
  "tokens": 12821,
  "input_tokens": 39,
  "cached_tokens": 1900327,
  "cache_hit_rate": 0.9999794776374656,
  "output_tokens": 12782,
  "cost_usd": 1.9753479999999999
}