{
  "attempt_id": "20260516T061631-579efa8e",
  "harness": "claude",
  "model": "opus",
  "tokens": 42702,
  "input_tokens": 116,
  "cached_tokens": 10364835,
  "cache_hit_rate": 0.9999888084372034,
  "output_tokens": 42586,
  "cost_usd": 7.236225750000004
}