{
  "attempt_id": "20260517T010732-85b0535d",
  "harness": "claude",
  "model": "opus",
  "tokens": 43467,
  "input_tokens": 127,
  "cached_tokens": 13797833,
  "cache_hit_rate": 0.9999907957408196,
  "output_tokens": 43340,
  "cost_usd": 9.14856025
}