{
  "attempt_id": "20260517T013117-7d56651c",
  "harness": "claude",
  "model": "opus",
  "tokens": 8402,
  "input_tokens": 32,
  "cached_tokens": 936875,
  "cache_hit_rate": 0.9999658450625302,
  "output_tokens": 8370,
  "cost_usd": 1.0622125000000002
}