{
  "attempt_id": "20260517T035127-b5792c9f",
  "harness": "claude",
  "model": "opus",
  "tokens": 19166,
  "input_tokens": 63,
  "cached_tokens": 3790220,
  "cache_hit_rate": 0.9999833785498339,
  "output_tokens": 19103,
  "cost_usd": 3.1219075000000003
}