{
  "attempt_id": "20260517T041532-f6240324",
  "harness": "claude",
  "model": "opus",
  "tokens": 5492,
  "input_tokens": 23,
  "cached_tokens": 818772,
  "cache_hit_rate": 0.9999719099408276,
  "output_tokens": 5469,
  "cost_usd": 0.76396375
}