{
  "attempt_id": "20260517T042433-58489e63",
  "harness": "claude",
  "model": "opus",
  "tokens": 4621,
  "input_tokens": 14,
  "cached_tokens": 366011,
  "cache_hit_rate": 0.9999617512464996,
  "output_tokens": 4607,
  "cost_usd": 0.467198
}