{
  "attempt_id": "20260517T040646-78752b66",
  "harness": "claude",
  "model": "opus",
  "tokens": 14064,
  "input_tokens": 28,
  "cached_tokens": 1354981,
  "cache_hit_rate": 0.9999793359306101,
  "output_tokens": 14036,
  "cost_usd": 1.3912582500000001
}