{
  "attempt_id": "20260517T035304-e3ee5d3f",
  "harness": "claude",
  "model": "opus",
  "tokens": 19276,
  "input_tokens": 63,
  "cached_tokens": 3495148,
  "cache_hit_rate": 0.9999819753371113,
  "output_tokens": 19213,
  "cost_usd": 2.8577062499999992
}