{
  "attempt_id": "20260516T055652-11d3037f",
  "harness": "claude",
  "model": "opus",
  "tokens": 52398,
  "input_tokens": 98,
  "cached_tokens": 10989551,
  "cache_hit_rate": 0.99999108251774,
  "output_tokens": 52300,
  "cost_usd": 8.155140750000001
}