{
  "attempt_id": "20260517T041551-35ff0291",
  "harness": "claude",
  "model": "opus",
  "tokens": 20524,
  "input_tokens": 63,
  "cached_tokens": 3562264,
  "cache_hit_rate": 0.9999823149306619,
  "output_tokens": 20461,
  "cost_usd": 3.027595249999999
}