{
  "attempt_id": "20260516T070006-0eff216b",
  "harness": "claude",
  "model": "opus",
  "tokens": 0,
  "input_tokens": 90,
  "cached_tokens": 6735417,
  "cache_hit_rate": 0.9999866379769184,
  "output_tokens": 30367,
  "cost_usd": 4.9620125
}