{
  "attempt_id": "20260517T040600-fb72490e",
  "harness": "claude",
  "model": "opus",
  "tokens": 32040,
  "input_tokens": 91,
  "cached_tokens": 6874010,
  "cache_hit_rate": 0.9999867619053022,
  "output_tokens": 31949,
  "cost_usd": 5.0834875
}