{
  "attempt_id": "20260517T000744-a7874def",
  "harness": "claude",
  "model": "opus",
  "tokens": 21984,
  "input_tokens": 88,
  "cached_tokens": 7155193,
  "cache_hit_rate": 0.9999877013914618,
  "output_tokens": 21896,
  "cost_usd": 5.0596075
}