{
  "attempt_id": "20260517T042217-cdb05662",
  "harness": "claude",
  "model": "opus",
  "tokens": 49635,
  "input_tokens": 72,
  "cached_tokens": 5321898,
  "cache_hit_rate": 0.9999864711751475,
  "output_tokens": 49563,
  "cost_usd": 4.8652845000000005
}