{
  "attempt_id": "20260516T063300-c016cdf5",
  "harness": "claude",
  "model": "opus",
  "tokens": 57609,
  "input_tokens": 11331,
  "cached_tokens": 17930326,
  "cache_hit_rate": 0.9993684529806807,
  "output_tokens": 46278,
  "cost_usd": 12.010239749999997
}