{
  "attempt_id": "20260517T040043-6b8b5205",
  "harness": "claude",
  "model": "opus",
  "tokens": 12087,
  "input_tokens": 41,
  "cached_tokens": 1568116,
  "cache_hit_rate": 0.9999738546586853,
  "output_tokens": 12046,
  "cost_usd": 1.5466544999999998
}