{
  "attempt_id": "20260516T232648-8aad2e7b",
  "harness": "claude",
  "model": "opus",
  "tokens": 59492,
  "input_tokens": 140,
  "cached_tokens": 19609313,
  "cache_hit_rate": 0.9999928605861673,
  "output_tokens": 59352,
  "cost_usd": 12.8409295
}