{
  "attempt_id": "20260517T002546-88bc61c5",
  "harness": "claude",
  "model": "opus",
  "tokens": 5401,
  "input_tokens": 16,
  "cached_tokens": 500882,
  "cache_hit_rate": 0.9999680573689653,
  "output_tokens": 5385,
  "cost_usd": 0.6014717500000001
}