{
  "attempt_id": "20260516T234938-008242c5",
  "harness": "claude",
  "model": "opus",
  "tokens": 32053,
  "input_tokens": 79,
  "cached_tokens": 6596604,
  "cache_hit_rate": 0.9999880242843259,
  "output_tokens": 31974,
  "cost_usd": 4.852345
}