{
  "attempt_id": "20260516T080308-c1b6fd4b",
  "harness": "claude",
  "model": "opus",
  "tokens": 0,
  "input_tokens": 94,
  "cached_tokens": 9128942,
  "cache_hit_rate": 0.9999897031844326,
  "output_tokens": 35608,
  "cost_usd": 6.670506250000001
}