{
  "attempt_id": "20260517T043432-0b17a1f4",
  "harness": "claude",
  "model": "opus",
  "tokens": 36833,
  "input_tokens": 73,
  "cached_tokens": 6256956,
  "cache_hit_rate": 0.9999883331210387,
  "output_tokens": 36760,
  "cost_usd": 4.7563787500000005
}