{
  "attempt_id": "20260516T081339-f1c7ed5d",
  "harness": "claude",
  "model": "opus",
  "tokens": 0,
  "input_tokens": 124,
  "cached_tokens": 12619122,
  "cache_hit_rate": 0.9999901737393819,
  "output_tokens": 43122,
  "cost_usd": 8.656236499999995
}