{
  "attempt_id": "20260516T054513-913e0354",
  "harness": "claude",
  "model": "opus",
  "tokens": 32690,
  "input_tokens": 98,
  "cached_tokens": 9988831,
  "cache_hit_rate": 0.9999901891383951,
  "output_tokens": 32592,
  "cost_usd": 6.924597749999998
}